iso_code,date,total_cases,new_cases,total_deaths,new_deaths
ESP,2020-02-01,1.0,1.0,,
ESP,2020-02-02,1.0,0.0,,
ESP,2020-02-03,1.0,0.0,,
ESP,2020-02-04,1.0,0.0,,
ESP,2020-02-05,1.0,0.0,,
ESP,2020-02-06,1.0,0.0,,
ESP,2020-02-07,1.0,0.0,,
ESP,2020-02-08,1.0,0.0,,
ESP,2020-02-09,2.0,1.0,,
ESP,2020-02-10,2.0,0.0,,
ESP,2020-02-11,2.0,0.0,,
ESP,2020-02-12,2.0,0.0,,
ESP,2020-02-13,2.0,0.0,,
ESP,2020-02-14,2.0,0.0,,
ESP,2020-02-15,2.0,0.0,,
ESP,2020-02-16,2.0,0.0,,
ESP,2020-02-17,2.0,0.0,,
ESP,2020-02-18,2.0,0.0,,
ESP,2020-02-19,2.0,0.0,,
ESP,2020-02-20,2.0,0.0,,
ESP,2020-02-21,2.0,0.0,,
ESP,2020-02-22,2.0,0.0,,
ESP,2020-02-23,2.0,0.0,,
ESP,2020-02-24,2.0,0.0,,
ESP,2020-02-25,6.0,4.0,,
ESP,2020-02-26,13.0,7.0,,
ESP,2020-02-27,15.0,2.0,,
ESP,2020-02-28,32.0,17.0,,
ESP,2020-02-29,45.0,13.0,,
ESP,2020-03-01,84.0,39.0,,
ESP,2020-03-02,120.0,36.0,,
ESP,2020-03-03,165.0,45.0,1.0,1.0
ESP,2020-03-04,222.0,57.0,2.0,1.0
ESP,2020-03-05,259.0,37.0,3.0,1.0
ESP,2020-03-06,400.0,141.0,5.0,2.0
ESP,2020-03-07,500.0,100.0,10.0,5.0
ESP,2020-03-08,673.0,173.0,17.0,7.0
ESP,2020-03-09,1073.0,400.0,28.0,11.0
ESP,2020-03-10,1695.0,622.0,35.0,7.0
ESP,2020-03-11,2277.0,582.0,54.0,19.0
ESP,2020-03-12,2277.0,0.0,55.0,1.0
ESP,2020-03-13,5232.0,2955.0,133.0,78.0
ESP,2020-03-14,6391.0,1159.0,195.0,62.0
ESP,2020-03-15,7798.0,1407.0,289.0,94.0
ESP,2020-03-16,9942.0,2144.0,342.0,53.0
ESP,2020-03-17,11748.0,1806.0,533.0,191.0
ESP,2020-03-18,13910.0,2162.0,623.0,90.0
ESP,2020-03-19,17963.0,4053.0,830.0,207.0
ESP,2020-03-20,20410.0,2447.0,1043.0,213.0
ESP,2020-03-21,25374.0,4964.0,1375.0,332.0
ESP,2020-03-22,28768.0,3394.0,1772.0,397.0
ESP,2020-03-23,35136.0,6368.0,2311.0,539.0
ESP,2020-03-24,39885.0,4749.0,2808.0,497.0
ESP,2020-03-25,49515.0,9630.0,3647.0,839.0
ESP,2020-03-26,57786.0,8271.0,4365.0,718.0
ESP,2020-03-27,65719.0,7933.0,5138.0,773.0
ESP,2020-03-28,73235.0,7516.0,5982.0,844.0
ESP,2020-03-29,80110.0,6875.0,6803.0,821.0
ESP,2020-03-30,87956.0,7846.0,7716.0,913.0
ESP,2020-03-31,95923.0,7967.0,8464.0,748.0
ESP,2020-04-01,104118.0,8195.0,9387.0,923.0
ESP,2020-04-02,112065.0,7947.0,10348.0,961.0
ESP,2020-04-03,119199.0,7134.0,11198.0,850.0
ESP,2020-04-04,126168.0,6969.0,11947.0,749.0
ESP,2020-04-05,131646.0,5478.0,12641.0,694.0
ESP,2020-04-06,136675.0,5029.0,13341.0,700.0
ESP,2020-04-07,141942.0,5267.0,14045.0,704.0
ESP,2020-04-08,148220.0,6278.0,14792.0,747.0
ESP,2020-04-09,153222.0,5002.0,15447.0,655.0
ESP,2020-04-10,158273.0,5051.0,16081.0,634.0
ESP,2020-04-11,163027.0,4754.0,16606.0,525.0
ESP,2020-04-12,166831.0,3804.0,17209.0,603.0
ESP,2020-04-13,170099.0,3268.0,17756.0,547.0
ESP,2020-04-14,172541.0,2442.0,18056.0,300.0
ESP,2020-04-15,177644.0,5103.0,18708.0,652.0
ESP,2020-04-16,184948.0,7304.0,19315.0,607.0
ESP,2020-04-17,190839.0,5891.0,20002.0,687.0
ESP,2020-04-18,191726.0,887.0,20043.0,41.0
ESP,2020-04-19,198674.0,6948.0,20453.0,410.0
ESP,2020-04-20,200210.0,1536.0,20852.0,399.0
ESP,2020-04-21,204178.0,3968.0,21282.0,430.0
ESP,2020-04-22,208389.0,4211.0,21717.0,435.0
ESP,2020-04-23,213024.0,4635.0,22157.0,440.0
ESP,2020-04-24,202990.0,-10034.0,22524.0,367.0
ESP,2020-04-25,205905.0,2915.0,22902.0,378.0
ESP,2020-04-26,207634.0,1729.0,23190.0,288.0
ESP,2020-04-27,209465.0,1831.0,23521.0,331.0
ESP,2020-04-28,210773.0,1308.0,23822.0,301.0
ESP,2020-04-29,212917.0,2144.0,24275.0,453.0
ESP,2020-04-30,213435.0,518.0,24543.0,268.0
ESP,2020-05-01,215216.0,1781.0,24543.0,0.0
ESP,2020-05-02,216582.0,1366.0,25100.0,557.0
ESP,2020-05-03,217466.0,884.0,25264.0,164.0
ESP,2020-05-04,218011.0,545.0,25428.0,164.0
ESP,2020-05-05,219329.0,1318.0,25613.0,185.0
ESP,2020-05-06,220325.0,996.0,25857.0,244.0
ESP,2020-05-07,221447.0,1122.0,26070.0,213.0
ESP,2020-05-08,222857.0,1410.0,26299.0,229.0
ESP,2020-05-09,223578.0,721.0,26478.0,179.0
ESP,2020-05-10,224350.0,772.0,26621.0,143.0
ESP,2020-05-11,227436.0,3086.0,26744.0,123.0
ESP,2020-05-12,228030.0,594.0,26920.0,176.0
ESP,2020-05-13,228691.0,661.0,27104.0,184.0
ESP,2020-05-14,229540.0,849.0,27321.0,217.0
ESP,2020-05-15,230183.0,643.0,27459.0,138.0
ESP,2020-05-16,230698.0,515.0,27563.0,104.0
ESP,2020-05-17,230698.0,0.0,27563.0,0.0
ESP,2020-05-18,231606.0,908.0,27709.0,146.0
ESP,2020-05-19,232037.0,431.0,27778.0,69.0
ESP,2020-05-20,232555.0,518.0,27888.0,110.0
ESP,2020-05-21,233037.0,482.0,27940.0,52.0
ESP,2020-05-22,234824.0,1787.0,28628.0,688.0
ESP,2020-05-23,235290.0,466.0,28678.0,50.0
ESP,2020-05-24,235772.0,482.0,28752.0,74.0
ESP,2020-05-25,235400.0,-372.0,26834.0,-1918.0
ESP,2020-05-26,236259.0,859.0,27117.0,283.0
ESP,2020-05-27,236259.0,0.0,27117.0,0.0
ESP,2020-05-28,237906.0,1647.0,27119.0,2.0
ESP,2020-05-29,238564.0,658.0,27121.0,2.0
ESP,2020-05-30,239228.0,664.0,27125.0,4.0
ESP,2020-05-31,239479.0,251.0,27127.0,2.0
ESP,2020-06-01,239638.0,159.0,27127.0,0.0
ESP,2020-06-02,239932.0,294.0,27127.0,0.0
ESP,2020-06-03,240326.0,394.0,27128.0,1.0
ESP,2020-06-04,240660.0,334.0,27133.0,5.0
ESP,2020-06-05,240978.0,318.0,27134.0,1.0
ESP,2020-06-06,241310.0,332.0,27135.0,1.0
ESP,2020-06-07,241550.0,240.0,27136.0,1.0
ESP,2020-06-08,241717.0,167.0,27136.0,0.0
ESP,2020-06-09,241966.0,249.0,27136.0,0.0
ESP,2020-06-10,242280.0,314.0,27136.0,0.0
ESP,2020-06-11,242707.0,427.0,27136.0,0.0
ESP,2020-06-12,243209.0,502.0,27136.0,0.0
ESP,2020-06-13,243605.0,396.0,27136.0,0.0
ESP,2020-06-14,243928.0,323.0,27136.0,0.0
ESP,2020-06-15,244109.0,181.0,27136.0,0.0
ESP,2020-06-16,244328.0,219.0,27136.0,0.0
ESP,2020-06-17,244683.0,355.0,27136.0,0.0
ESP,2020-06-18,245268.0,585.0,27136.0,0.0
ESP,2020-06-19,245575.0,307.0,28315.0,1179.0
ESP,2020-06-20,245938.0,363.0,28322.0,7.0
ESP,2020-06-21,246272.0,334.0,28323.0,1.0
ESP,2020-06-22,246504.0,232.0,28324.0,1.0
ESP,2020-06-23,246752.0,248.0,28325.0,1.0
ESP,2020-06-24,247086.0,334.0,28327.0,2.0
ESP,2020-06-25,247486.0,400.0,28330.0,3.0
ESP,2020-06-26,247905.0,419.0,28338.0,8.0
ESP,2020-06-27,248469.0,564.0,28341.0,3.0
ESP,2020-06-28,248770.0,301.0,28343.0,2.0
ESP,2020-06-29,248970.0,200.0,28346.0,3.0
ESP,2020-06-30,249271.0,301.0,28355.0,9.0
ESP,2020-07-01,249659.0,388.0,28364.0,9.0
ESP,2020-07-02,250103.0,444.0,28368.0,4.0
ESP,2020-07-03,250545.0,442.0,28385.0,17.0
ESP,2020-07-04,250545.0,0.0,28385.0,0.0
ESP,2020-07-05,250545.0,0.0,28385.0,0.0
ESP,2020-07-06,251789.0,1244.0,28388.0,3.0
ESP,2020-07-07,252130.0,341.0,28392.0,4.0
ESP,2020-07-08,252513.0,383.0,28396.0,4.0
ESP,2020-07-09,253056.0,543.0,28401.0,5.0
ESP,2020-07-10,253908.0,852.0,28403.0,2.0
ESP,2020-07-11,253908.0,0.0,28403.0,0.0
ESP,2020-07-12,253908.0,0.0,28403.0,0.0
ESP,2020-07-13,255953.0,2045.0,28406.0,3.0
ESP,2020-07-14,256619.0,666.0,28409.0,3.0
ESP,2020-07-15,257494.0,875.0,28413.0,4.0
ESP,2020-07-16,258855.0,1361.0,28416.0,3.0
ESP,2020-07-17,260255.0,1400.0,28420.0,4.0
ESP,2020-07-18,260255.0,0.0,28420.0,0.0
ESP,2020-07-19,260255.0,0.0,28420.0,0.0
ESP,2020-07-20,264836.0,4581.0,28422.0,2.0
ESP,2020-07-21,266194.0,1358.0,28424.0,2.0
ESP,2020-07-22,267551.0,1357.0,28426.0,2.0
ESP,2020-07-23,270166.0,2615.0,28429.0,3.0
ESP,2020-07-24,272421.0,2255.0,28432.0,3.0
ESP,2020-07-25,272421.0,0.0,28432.0,0.0
ESP,2020-07-26,272421.0,0.0,28432.0,0.0
ESP,2020-07-27,278782.0,6361.0,28434.0,2.0
ESP,2020-07-28,280610.0,1828.0,28436.0,2.0
ESP,2020-07-29,282641.0,2031.0,28441.0,5.0
ESP,2020-07-30,285430.0,2789.0,28443.0,2.0
ESP,2020-07-31,288522.0,3092.0,28445.0,2.0
ESP,2020-08-01,288522.0,0.0,28445.0,0.0
ESP,2020-08-02,288522.0,0.0,28445.0,0.0
ESP,2020-08-03,297054.0,8532.0,28472.0,27.0
ESP,2020-08-04,302814.0,5760.0,28498.0,26.0
ESP,2020-08-05,305767.0,2953.0,28499.0,1.0
ESP,2020-08-06,309855.0,4088.0,28500.0,1.0
ESP,2020-08-07,314362.0,4507.0,28503.0,3.0
ESP,2020-08-08,314362.0,0.0,28503.0,0.0
ESP,2020-08-09,314362.0,0.0,28503.0,0.0
ESP,2020-08-10,322980.0,8618.0,28576.0,73.0
ESP,2020-08-11,326612.0,3632.0,28581.0,5.0
ESP,2020-08-12,329784.0,3172.0,28579.0,-2.0
ESP,2020-08-13,337334.0,7550.0,28605.0,26.0
ESP,2020-08-14,342813.0,5479.0,28617.0,12.0
ESP,2020-08-15,342813.0,0.0,28617.0,0.0
ESP,2020-08-16,342813.0,0.0,28617.0,0.0
ESP,2020-08-17,359082.0,16269.0,28646.0,29.0
ESP,2020-08-18,364196.0,5114.0,28670.0,24.0
ESP,2020-08-19,370867.0,6671.0,28797.0,127.0
ESP,2020-08-20,377906.0,7039.0,28813.0,16.0
ESP,2020-08-21,386054.0,8148.0,28838.0,25.0
ESP,2020-08-22,386054.0,0.0,28838.0,0.0
ESP,2020-08-23,386054.0,0.0,28838.0,0.0
ESP,2020-08-24,405436.0,19382.0,28872.0,34.0
ESP,2020-08-25,412553.0,7117.0,28924.0,52.0
ESP,2020-08-26,419849.0,7296.0,28971.0,47.0
ESP,2020-08-27,429507.0,9658.0,28996.0,25.0
ESP,2020-08-28,439286.0,9779.0,29011.0,15.0
ESP,2020-08-29,439286.0,0.0,29011.0,0.0
ESP,2020-08-30,439286.0,0.0,29011.0,0.0
ESP,2020-08-31,462858.0,23572.0,29094.0,83.0
ESP,2020-09-01,470973.0,8115.0,29152.0,58.0
ESP,2020-09-02,479554.0,8581.0,29194.0,42.0
ESP,2020-09-03,488513.0,8959.0,29234.0,40.0
ESP,2020-09-04,498989.0,10476.0,29418.0,184.0
ESP,2020-09-05,498989.0,0.0,29418.0,0.0
ESP,2020-09-06,498989.0,0.0,29418.0,0.0
ESP,2020-09-07,525549.0,26560.0,29516.0,98.0
ESP,2020-09-08,534513.0,8964.0,29594.0,78.0
ESP,2020-09-09,543379.0,8866.0,29628.0,34.0
ESP,2020-09-10,554143.0,10764.0,29699.0,71.0
ESP,2020-09-11,566326.0,12183.0,29747.0,48.0
ESP,2020-09-12,566326.0,0.0,29747.0,0.0
ESP,2020-09-13,566326.0,0.0,29747.0,0.0
ESP,2020-09-14,593730.0,27404.0,29848.0,101.0
ESP,2020-09-15,603167.0,9437.0,30004.0,156.0
ESP,2020-09-16,614360.0,11193.0,30243.0,239.0
ESP,2020-09-17,625651.0,11291.0,30405.0,162.0
ESP,2020-09-18,640040.0,14389.0,30495.0,90.0
ESP,2020-09-19,640040.0,0.0,30495.0,0.0
ESP,2020-09-20,640040.0,0.0,30495.0,0.0
ESP,2020-09-21,671468.0,31428.0,30663.0,168.0
ESP,2020-09-22,682267.0,10799.0,30904.0,241.0
ESP,2020-09-23,693556.0,11289.0,31034.0,130.0
ESP,2020-09-24,704209.0,10653.0,31118.0,84.0
ESP,2020-09-25,716481.0,12272.0,31232.0,114.0
ESP,2020-09-26,716481.0,0.0,31232.0,0.0
ESP,2020-09-27,716481.0,0.0,31232.0,0.0
ESP,2020-09-28,748266.0,31785.0,31411.0,179.0
ESP,2020-09-29,748266.0,0.0,31411.0,0.0
ESP,2020-09-30,769188.0,20922.0,31791.0,380.0
ESP,2020-10-01,778607.0,9419.0,31973.0,182.0
ESP,2020-10-02,789932.0,11325.0,32086.0,113.0
ESP,2020-10-03,789932.0,0.0,32086.0,0.0
ESP,2020-10-04,789932.0,0.0,32086.0,0.0
ESP,2020-10-05,813412.0,23480.0,32225.0,139.0
ESP,2020-10-06,825410.0,11998.0,32486.0,261.0
ESP,2020-10-07,835901.0,10491.0,32562.0,76.0
ESP,2020-10-08,848324.0,12423.0,32688.0,126.0
ESP,2020-10-09,861112.0,12788.0,32929.0,241.0
ESP,2020-10-10,861112.0,0.0,32929.0,0.0
ESP,2020-10-11,861112.0,0.0,32929.0,0.0
ESP,2020-10-12,888968.0,27856.0,33124.0,195.0
ESP,2020-10-13,896086.0,7118.0,33204.0,80.0
ESP,2020-10-14,908056.0,11970.0,33413.0,209.0
ESP,2020-10-15,921374.0,13318.0,33553.0,140.0
ESP,2020-10-16,936560.0,15186.0,33775.0,222.0
ESP,2020-10-17,936560.0,0.0,33775.0,0.0
ESP,2020-10-18,936560.0,0.0,33775.0,0.0
ESP,2020-10-19,974449.0,37889.0,33992.0,217.0
ESP,2020-10-20,988322.0,13873.0,34210.0,218.0
ESP,2020-10-21,1005295.0,16973.0,34366.0,156.0
ESP,2020-10-22,1026281.0,20986.0,34521.0,155.0
ESP,2020-10-23,1046132.0,19851.0,34752.0,231.0
ESP,2020-10-24,1046132.0,0.0,34752.0,0.0
ESP,2020-10-25,1046132.0,0.0,34752.0,0.0
ESP,2020-10-26,1098320.0,52188.0,35031.0,279.0
ESP,2020-10-27,1116738.0,18418.0,35298.0,267.0
ESP,2020-10-28,1136503.0,19765.0,35466.0,168.0
ESP,2020-10-29,1160083.0,23580.0,35639.0,173.0
ESP,2020-10-30,1185678.0,25595.0,35878.0,239.0
ESP,2020-10-31,1185678.0,0.0,35878.0,0.0
ESP,2020-11-01,1185678.0,0.0,35878.0,0.0
ESP,2020-11-02,1240697.0,55019.0,36257.0,379.0
ESP,2020-11-03,1259366.0,18669.0,36495.0,238.0
ESP,2020-11-04,1284408.0,25042.0,38118.0,1623.0
ESP,2020-11-05,1306316.0,21908.0,38486.0,368.0
ESP,2020-11-06,1328832.0,22516.0,38833.0,347.0
ESP,2020-11-07,1328832.0,0.0,38833.0,0.0
ESP,2020-11-08,1328832.0,0.0,38833.0,0.0
ESP,2020-11-09,1381218.0,52386.0,39345.0,512.0
ESP,2020-11-10,1381218.0,0.0,39345.0,0.0
ESP,2020-11-11,1417709.0,36491.0,40105.0,760.0
ESP,2020-11-12,1437220.0,19511.0,40461.0,356.0
ESP,2020-11-13,1458591.0,21371.0,40769.0,308.0
ESP,2020-11-14,1458591.0,0.0,40769.0,0.0
ESP,2020-11-15,1458591.0,0.0,40769.0,0.0
ESP,2020-11-16,1496864.0,38273.0,41253.0,484.0
ESP,2020-11-17,1510023.0,13159.0,41688.0,435.0
ESP,2020-11-18,1525341.0,15318.0,42039.0,351.0
ESP,2020-11-19,1541574.0,16233.0,42291.0,252.0
ESP,2020-11-20,1556730.0,15156.0,42619.0,328.0
ESP,2020-11-21,1556730.0,0.0,42619.0,0.0
ESP,2020-11-22,1556730.0,0.0,42619.0,0.0
ESP,2020-11-23,1582616.0,25886.0,43131.0,512.0
ESP,2020-11-24,1594844.0,12228.0,43668.0,537.0
ESP,2020-11-25,1605066.0,10222.0,44037.0,369.0
ESP,2020-11-26,1617355.0,12289.0,44374.0,337.0
ESP,2020-11-27,1628208.0,10853.0,44668.0,294.0
ESP,2020-11-28,1628208.0,0.0,44668.0,0.0
ESP,2020-11-29,1628208.0,0.0,44668.0,0.0
ESP,2020-11-30,1648187.0,19979.0,45069.0,401.0
ESP,2020-12-01,1656444.0,8257.0,45511.0,442.0
ESP,2020-12-02,1665775.0,9331.0,45784.0,273.0
ESP,2020-12-03,1675902.0,10127.0,46038.0,254.0
ESP,2020-12-04,1684647.0,8745.0,46252.0,214.0
ESP,2020-12-05,1684647.0,0.0,46252.0,0.0
ESP,2020-12-06,1684647.0,0.0,46252.0,0.0
ESP,2020-12-07,1702328.0,17681.0,46646.0,394.0
ESP,2020-12-08,1702328.0,0.0,46646.0,0.0
ESP,2020-12-09,1712101.0,9773.0,47019.0,373.0
ESP,2020-12-10,1720056.0,7955.0,47344.0,325.0
ESP,2020-12-11,1730575.0,10519.0,47624.0,280.0
ESP,2020-12-12,1730575.0,0.0,47624.0,0.0
ESP,2020-12-13,1730575.0,0.0,47624.0,0.0
ESP,2020-12-14,1751884.0,21309.0,48013.0,389.0
ESP,2020-12-15,1762212.0,10328.0,48401.0,388.0
ESP,2020-12-16,1773290.0,11078.0,48596.0,195.0
ESP,2020-12-17,1785421.0,12131.0,48777.0,181.0
ESP,2020-12-18,1797236.0,11815.0,48926.0,149.0
ESP,2020-12-19,1797236.0,0.0,48926.0,0.0
ESP,2020-12-20,1797236.0,0.0,48926.0,0.0
ESP,2020-12-21,1819249.0,22013.0,49260.0,334.0
ESP,2020-12-22,1829903.0,10654.0,49520.0,260.0
ESP,2020-12-23,1842289.0,12386.0,49698.0,178.0
ESP,2020-12-24,1854951.0,12662.0,49824.0,126.0
ESP,2020-12-25,1854951.0,0.0,49824.0,0.0
ESP,2020-12-26,1854951.0,0.0,49824.0,0.0
ESP,2020-12-27,1854951.0,0.0,49824.0,0.0
ESP,2020-12-28,1879413.0,24462.0,50122.0,298.0
ESP,2020-12-29,1893502.0,14089.0,50442.0,320.0
ESP,2020-12-30,1910218.0,16716.0,50689.0,247.0
ESP,2020-12-31,1928265.0,18047.0,50837.0,148.0
ESP,2021-01-01,1928265.0,0.0,50837.0,0.0
ESP,2021-01-02,1928265.0,0.0,50837.0,0.0
ESP,2021-01-03,1928265.0,0.0,50837.0,0.0
ESP,2021-01-04,1958844.0,30579.0,51078.0,241.0
ESP,2021-01-05,1982544.0,23700.0,51430.0,352.0
ESP,2021-01-06,1982544.0,0.0,51430.0,0.0
ESP,2021-01-07,2024904.0,42360.0,51675.0,245.0
ESP,2021-01-08,2050360.0,25456.0,51874.0,199.0
ESP,2021-01-09,2050360.0,0.0,51874.0,0.0
ESP,2021-01-10,2050360.0,0.0,51874.0,0.0
ESP,2021-01-11,2111782.0,61422.0,52275.0,401.0
ESP,2021-01-12,2137220.0,25438.0,52683.0,408.0
ESP,2021-01-13,2176089.0,38869.0,52878.0,195.0
ESP,2021-01-14,2211967.0,35878.0,53079.0,201.0
ESP,2021-01-15,2252164.0,40197.0,53314.0,235.0
ESP,2021-01-16,2252164.0,0.0,53314.0,0.0
ESP,2021-01-17,2252164.0,0.0,53314.0,0.0
ESP,2021-01-18,2336451.0,84287.0,53769.0,455.0
ESP,2021-01-19,2370742.0,34291.0,54173.0,404.0
ESP,2021-01-20,2412318.0,41576.0,54637.0,464.0
ESP,2021-01-21,2456675.0,44357.0,55041.0,404.0
ESP,2021-01-22,2499560.0,42885.0,55441.0,400.0
ESP,2021-01-23,2499560.0,0.0,55441.0,0.0
ESP,2021-01-24,2499560.0,0.0,55441.0,0.0
ESP,2021-01-25,2593382.0,93822.0,56208.0,767.0
ESP,2021-01-26,2629817.0,36435.0,56794.0,586.0
ESP,2021-01-27,2670102.0,40285.0,57291.0,497.0
ESP,2021-01-28,2705001.0,34899.0,57806.0,515.0
ESP,2021-01-29,2743119.0,38118.0,58319.0,513.0
ESP,2021-01-30,2743119.0,0.0,58319.0,0.0
ESP,2021-01-31,2743119.0,0.0,58319.0,0.0
ESP,2021-02-01,2822805.0,79686.0,59081.0,762.0
ESP,2021-02-02,2851869.0,29064.0,59805.0,724.0
ESP,2021-02-03,2883465.0,31596.0,60370.0,565.0
ESP,2021-02-04,2913425.0,29960.0,60802.0,432.0
ESP,2021-02-05,2941990.0,28565.0,61386.0,584.0
ESP,2021-02-06,2941990.0,0.0,61386.0,0.0
ESP,2021-02-07,2941990.0,0.0,61386.0,0.0
ESP,2021-02-08,2989085.0,47095.0,62295.0,909.0
ESP,2021-02-09,3005487.0,16402.0,63061.0,766.0
ESP,2021-02-10,3023601.0,18114.0,63704.0,643.0
ESP,2021-02-11,3041454.0,17853.0,64217.0,513.0
ESP,2021-02-12,3056035.0,14581.0,64747.0,530.0
ESP,2021-02-13,3056035.0,0.0,64747.0,0.0
ESP,2021-02-14,3056035.0,0.0,64747.0,0.0
ESP,2021-02-15,3086286.0,30251.0,65449.0,702.0
ESP,2021-02-16,3096343.0,10057.0,65979.0,530.0
ESP,2021-02-17,3107172.0,10829.0,66316.0,337.0
ESP,2021-02-18,3121687.0,14515.0,66704.0,388.0
ESP,2021-02-19,3133122.0,11435.0,67101.0,397.0
ESP,2021-02-20,3133122.0,0.0,67101.0,0.0
ESP,2021-02-21,3133122.0,0.0,67101.0,0.0
ESP,2021-02-22,3153971.0,20849.0,67636.0,535.0
ESP,2021-02-23,3161432.0,7461.0,68079.0,443.0
ESP,2021-02-24,3170644.0,9212.0,68468.0,389.0
ESP,2021-02-25,3180212.0,9568.0,68813.0,345.0
ESP,2021-02-26,3188553.0,8341.0,69142.0,329.0
ESP,2021-02-27,3188553.0,0.0,69142.0,0.0
ESP,2021-02-28,3188553.0,0.0,69142.0,0.0
ESP,2021-03-01,3204531.0,15978.0,69609.0,467.0
ESP,2021-03-02,3130184.0,-74347.0,69801.0,192.0
ESP,2021-03-03,3136321.0,6137.0,70247.0,446.0
ESP,2021-03-04,3142358.0,6037.0,70501.0,254.0
ESP,2021-03-05,3149012.0,6654.0,71138.0,637.0
ESP,2021-03-06,3149012.0,0.0,71138.0,0.0
ESP,2021-03-07,3149012.0,0.0,71138.0,0.0
ESP,2021-03-08,3160970.0,11958.0,71436.0,298.0
ESP,2021-03-09,3164982.0,4012.0,71727.0,291.0
ESP,2021-03-10,3172101.0,7119.0,71961.0,234.0
ESP,2021-03-11,3178356.0,6255.0,72085.0,124.0
ESP,2021-03-12,3183704.0,5348.0,72258.0,173.0
ESP,2021-03-13,3183704.0,0.0,72258.0,0.0
ESP,2021-03-14,3183704.0,0.0,72258.0,0.0
ESP,2021-03-15,3195062.0,11358.0,72424.0,166.0
ESP,2021-03-16,3200024.0,4962.0,72565.0,141.0
ESP,2021-03-17,3206116.0,6092.0,72793.0,228.0
ESP,2021-03-18,3212332.0,6216.0,72910.0,117.0
ESP,2021-03-19,3212332.0,0.0,72910.0,0.0
ESP,2021-03-20,3212332.0,0.0,72910.0,0.0
ESP,2021-03-21,3212332.0,0.0,72910.0,0.0
ESP,2021-03-22,3228803.0,16471.0,73543.0,633.0
ESP,2021-03-23,3234319.0,5516.0,73744.0,201.0
ESP,2021-03-24,3234319.0,0.0,73744.0,0.0
ESP,2021-03-25,3247738.0,13419.0,74420.0,676.0
ESP,2021-03-26,3255324.0,7586.0,75010.0,590.0
ESP,2021-03-27,3255324.0,0.0,75010.0,0.0
ESP,2021-03-28,3255324.0,0.0,75010.0,0.0
ESP,2021-03-29,3270825.0,15501.0,75199.0,189.0
ESP,2021-03-30,3275819.0,4994.0,75305.0,106.0
ESP,2021-03-31,3284353.0,8534.0,75459.0,154.0
ESP,2021-04-01,3291394.0,7041.0,75541.0,82.0
ESP,2021-04-02,3291394.0,0.0,75541.0,0.0
ESP,2021-04-03,3300965.0,9571.0,75698.0,157.0
ESP,2021-04-04,3300965.0,0.0,75698.0,0.0
ESP,2021-04-05,3311325.0,10360.0,75783.0,85.0
ESP,2021-04-06,3317948.0,6623.0,75911.0,128.0
ESP,2021-04-07,3326736.0,8788.0,76037.0,126.0
ESP,2021-04-08,3336637.0,9901.0,76179.0,142.0
ESP,2021-04-09,3347512.0,10875.0,76328.0,149.0
ESP,2021-04-10,3347512.0,0.0,76328.0,0.0
ESP,2021-04-11,3347512.0,0.0,76328.0,0.0
ESP,2021-04-12,3370256.0,22744.0,76525.0,197.0
ESP,2021-04-13,3376548.0,6292.0,76625.0,100.0
ESP,2021-04-14,3387022.0,10474.0,76756.0,131.0
ESP,2021-04-15,3396685.0,9663.0,76882.0,126.0
ESP,2021-04-16,3407283.0,10598.0,76981.0,99.0
ESP,2021-04-17,3407283.0,0.0,76981.0,0.0
ESP,2021-04-18,3407283.0,0.0,76981.0,0.0
ESP,2021-04-19,3428354.0,21071.0,77102.0,121.0
ESP,2021-04-20,3428354.0,0.0,77102.0,0.0
ESP,2021-04-21,3446072.0,17718.0,77364.0,262.0
ESP,2021-04-22,3456886.0,10814.0,77496.0,132.0
ESP,2021-04-23,3468617.0,11731.0,77591.0,95.0
ESP,2021-04-24,3468617.0,0.0,77591.0,0.0
ESP,2021-04-25,3468617.0,0.0,77591.0,0.0
ESP,2021-04-26,3488469.0,19852.0,77738.0,147.0
ESP,2021-04-27,3496134.0,7665.0,77855.0,117.0
ESP,2021-04-28,3504799.0,8665.0,77943.0,88.0
ESP,2021-04-29,3514942.0,10143.0,78080.0,137.0
ESP,2021-04-30,3524077.0,9135.0,78216.0,136.0
ESP,2021-05-01,3524077.0,0.0,78216.0,0.0
ESP,2021-05-02,3524077.0,0.0,78216.0,0.0
ESP,2021-05-03,3540430.0,16353.0,78293.0,77.0
ESP,2021-05-04,3544945.0,4515.0,78399.0,106.0
ESP,2021-05-05,3551262.0,6317.0,78566.0,167.0
ESP,2021-05-06,3559222.0,7960.0,78726.0,160.0
ESP,2021-05-07,3567408.0,8186.0,78792.0,66.0
ESP,2021-05-08,3567408.0,0.0,78792.0,0.0
ESP,2021-05-09,3567408.0,0.0,78792.0,0.0
ESP,2021-05-10,3581392.0,13984.0,78895.0,103.0
ESP,2021-05-11,3586333.0,4941.0,79100.0,205.0
ESP,2021-05-12,3592751.0,6418.0,79208.0,108.0
ESP,2021-05-13,3598452.0,5701.0,79281.0,73.0
ESP,2021-05-14,3604799.0,6347.0,79339.0,58.0
ESP,2021-05-15,3604799.0,0.0,79339.0,0.0
ESP,2021-05-16,3604799.0,0.0,79339.0,0.0
ESP,2021-05-17,3615860.0,11061.0,79432.0,93.0
ESP,2021-05-18,3619848.0,3988.0,79502.0,70.0
ESP,2021-05-19,3625928.0,6080.0,79568.0,66.0
ESP,2021-05-20,3631661.0,5733.0,79601.0,33.0
ESP,2021-05-21,3636453.0,4792.0,79620.0,19.0
ESP,2021-05-22,3636453.0,0.0,79620.0,0.0
ESP,2021-05-23,3636453.0,0.0,79620.0,0.0
ESP,2021-05-24,3647520.0,11067.0,79711.0,91.0
ESP,2021-05-25,3652879.0,5359.0,79801.0,90.0
ESP,2021-05-26,3657886.0,5007.0,79855.0,54.0
ESP,2021-05-27,3663176.0,5290.0,79888.0,33.0
ESP,2021-05-28,3668658.0,5482.0,79905.0,17.0
ESP,2021-05-29,3668658.0,0.0,79905.0,0.0
ESP,2021-05-30,3668658.0,0.0,79905.0,0.0
ESP,2021-05-31,3678390.0,9732.0,79953.0,48.0
ESP,2021-06-01,3682778.0,4388.0,79983.0,30.0
ESP,2021-06-02,3687762.0,4984.0,80049.0,66.0
ESP,2021-06-03,3693012.0,5250.0,80049.0,0.0
ESP,2021-06-04,3697981.0,4969.0,80195.0,146.0
ESP,2021-06-05,3697981.0,0.0,80196.0,1.0
ESP,2021-06-06,3697981.0,0.0,80196.0,0.0
ESP,2021-06-07,3707523.0,9542.0,80236.0,40.0
ESP,2021-06-08,3711027.0,3504.0,80309.0,73.0
ESP,2021-06-09,3715454.0,4427.0,80332.0,23.0
ESP,2021-06-10,3729458.0,14004.0,80465.0,133.0
ESP,2021-06-11,3733600.0,4142.0,80501.0,36.0
ESP,2021-06-12,3733600.0,0.0,80501.0,0.0
ESP,2021-06-13,3733600.0,0.0,80501.0,0.0
ESP,2021-06-14,3741767.0,8167.0,80517.0,16.0
ESP,2021-06-15,3745199.0,3432.0,80579.0,62.0
ESP,2021-06-16,3749031.0,3832.0,80615.0,36.0
ESP,2021-06-17,3753228.0,4197.0,80634.0,19.0
ESP,2021-06-18,3757442.0,4214.0,80652.0,18.0
ESP,2021-06-19,3757442.0,0.0,80652.0,0.0
ESP,2021-06-20,3757442.0,0.0,80652.0,0.0
ESP,2021-06-21,3764651.0,7209.0,80689.0,37.0
ESP,2021-06-22,3768691.0,4040.0,80719.0,30.0
ESP,2021-06-23,3773032.0,4341.0,80748.0,29.0
ESP,2021-06-24,3777539.0,4507.0,80766.0,18.0
ESP,2021-06-25,3782463.0,4924.0,80779.0,13.0
ESP,2021-06-26,3782463.0,0.0,80779.0,0.0
ESP,2021-06-27,3782463.0,0.0,80779.0,0.0
ESP,2021-06-28,3792642.0,10179.0,80789.0,10.0
ESP,2021-06-29,3799733.0,7091.0,80829.0,40.0
ESP,2021-06-30,3808960.0,9227.0,80875.0,46.0
ESP,2021-07-01,3821305.0,12345.0,80883.0,8.0
ESP,2021-07-02,3833868.0,12563.0,80911.0,28.0
ESP,2021-07-03,3833868.0,0.0,80911.0,0.0
ESP,2021-07-04,3833868.0,0.0,80911.0,0.0
ESP,2021-07-05,3866475.0,32607.0,80934.0,23.0
ESP,2021-07-06,3880612.0,14137.0,80952.0,18.0
ESP,2021-07-07,3897996.0,17384.0,80969.0,17.0
ESP,2021-07-08,3915313.0,17317.0,80997.0,28.0
ESP,2021-07-09,3937192.0,21879.0,81003.0,6.0
ESP,2021-07-10,3937192.0,0.0,81003.0,0.0
ESP,2021-07-11,3937192.0,0.0,81003.0,0.0
ESP,2021-07-12,3971124.0,33932.0,81020.0,17.0
ESP,2021-07-13,4015084.0,43960.0,81033.0,13.0
ESP,2021-07-14,4041474.0,26390.0,81043.0,10.0
ESP,2021-07-15,4069162.0,27688.0,81084.0,41.0
ESP,2021-07-16,4100222.0,31060.0,81096.0,12.0
ESP,2021-07-17,4100222.0,0.0,81096.0,0.0
ESP,2021-07-18,4100222.0,0.0,81096.0,0.0
ESP,2021-07-19,4161850.0,61628.0,81119.0,23.0
ESP,2021-07-20,4189136.0,27286.0,81148.0,29.0
ESP,2021-07-21,4219723.0,30587.0,81166.0,18.0
ESP,2021-07-22,4249258.0,29535.0,81194.0,28.0
ESP,2021-07-23,4280429.0,31171.0,81221.0,27.0
ESP,2021-07-24,4280429.0,0.0,81221.0,0.0
ESP,2021-07-25,4280429.0,0.0,81221.0,0.0
ESP,2021-07-26,4342054.0,61625.0,81268.0,47.0
ESP,2021-07-27,4368453.0,26399.0,81323.0,55.0
ESP,2021-07-28,4395602.0,27149.0,81396.0,73.0
ESP,2021-07-29,4422291.0,26689.0,81442.0,46.0
ESP,2021-07-30,4447044.0,24753.0,81486.0,44.0
ESP,2021-07-31,4447044.0,0.0,81486.0,0.0
ESP,2021-08-01,4447044.0,0.0,81486.0,0.0
ESP,2021-08-02,4502983.0,55939.0,81643.0,157.0
ESP,2021-08-03,4523310.0,20327.0,81773.0,130.0
ESP,2021-08-04,4545184.0,21874.0,81844.0,71.0
ESP,2021-08-05,4566571.0,21387.0,81931.0,87.0
ESP,2021-08-06,4588132.0,21561.0,82006.0,75.0
ESP,2021-08-07,4588132.0,0.0,82006.0,0.0
ESP,2021-08-08,4588132.0,0.0,82006.0,0.0
ESP,2021-08-09,4627770.0,39638.0,82125.0,119.0
ESP,2021-08-10,4643450.0,15680.0,82227.0,102.0
ESP,2021-08-11,4660473.0,17023.0,82320.0,93.0
ESP,2021-08-12,4677883.0,17410.0,82407.0,87.0
ESP,2021-08-13,4693540.0,15657.0,82470.0,63.0
ESP,2021-08-14,4693540.0,0.0,82470.0,0.0
ESP,2021-08-15,4693540.0,0.0,82470.0,0.0
ESP,2021-08-16,4719266.0,25726.0,82595.0,125.0
ESP,2021-08-17,4733602.0,14336.0,82739.0,144.0
ESP,2021-08-18,4745558.0,11956.0,82883.0,144.0
ESP,2021-08-19,4758003.0,12445.0,83004.0,121.0
ESP,2021-08-20,4770453.0,12450.0,83136.0,132.0
ESP,2021-08-21,4770453.0,0.0,83136.0,0.0
ESP,2021-08-22,4770453.0,0.0,83136.0,0.0
ESP,2021-08-23,4794352.0,23899.0,83337.0,201.0
ESP,2021-08-24,4804424.0,10072.0,83527.0,190.0
ESP,2021-08-25,4815205.0,10781.0,83690.0,163.0
ESP,2021-08-26,4822320.0,7115.0,83861.0,171.0
ESP,2021-08-27,4831809.0,9489.0,84000.0,139.0
ESP,2021-08-28,4831809.0,0.0,84000.0,0.0
ESP,2021-08-29,4831809.0,0.0,84000.0,0.0
ESP,2021-08-30,4847298.0,15489.0,84146.0,146.0
ESP,2021-08-31,4855065.0,7767.0,84340.0,194.0
ESP,2021-09-01,4861883.0,6818.0,84472.0,132.0
ESP,2021-09-02,4871444.0,9561.0,84640.0,168.0
ESP,2021-09-03,4877755.0,6311.0,84795.0,155.0
ESP,2021-09-04,4877755.0,0.0,84795.0,0.0
ESP,2021-09-05,4877755.0,0.0,84795.0,0.0
ESP,2021-09-06,4887112.0,9357.0,84928.0,133.0
ESP,2021-09-07,4892640.0,5528.0,85066.0,138.0
ESP,2021-09-08,4898258.0,5618.0,85147.0,81.0
ESP,2021-09-09,4903021.0,4763.0,85218.0,71.0
ESP,2021-09-10,4907461.0,4440.0,85290.0,72.0
ESP,2021-09-11,4907461.0,0.0,85290.0,0.0
ESP,2021-09-12,4907461.0,0.0,85290.0,0.0
ESP,2021-09-13,4915265.0,7804.0,85393.0,103.0
ESP,2021-09-14,4918526.0,3261.0,85548.0,155.0
ESP,2021-09-15,4922249.0,3723.0,85638.0,90.0
ESP,2021-09-16,4926324.0,4075.0,85739.0,101.0
ESP,2021-09-17,4929546.0,3222.0,85783.0,44.0
ESP,2021-09-18,4929546.0,0.0,85783.0,0.0
ESP,2021-09-19,4929546.0,0.0,85783.0,0.0
ESP,2021-09-20,4935534.0,5988.0,85901.0,118.0
ESP,2021-09-21,4937984.0,2450.0,85983.0,82.0
ESP,2021-09-22,4940824.0,2840.0,86085.0,102.0
ESP,2021-09-23,4943855.0,3031.0,86185.0,100.0
ESP,2021-09-24,4946601.0,2746.0,86229.0,44.0
ESP,2021-09-25,4946601.0,0.0,86229.0,0.0
ESP,2021-09-26,4946601.0,0.0,86229.0,0.0
ESP,2021-09-27,4951640.0,5039.0,86298.0,69.0
ESP,2021-09-28,4953930.0,2290.0,86358.0,60.0
ESP,2021-09-29,4956691.0,2761.0,86397.0,39.0
ESP,2021-09-30,4959091.0,2400.0,86415.0,18.0
ESP,2021-10-01,4961128.0,2037.0,86463.0,48.0
ESP,2021-10-02,4961128.0,0.0,86463.0,0.0
ESP,2021-10-03,4961128.0,0.0,86463.0,0.0
ESP,2021-10-04,4965399.0,4271.0,86527.0,64.0
ESP,2021-10-05,4967200.0,1801.0,86621.0,94.0
ESP,2021-10-06,4969503.0,2303.0,86678.0,57.0
ESP,2021-10-07,4971310.0,1807.0,86701.0,23.0
ESP,2021-10-08,4973619.0,2309.0,86778.0,77.0
ESP,2021-10-09,4973619.0,0.0,86778.0,0.0
ESP,2021-10-10,4973619.0,0.0,86778.0,0.0
ESP,2021-10-11,4977448.0,3829.0,86827.0,49.0
ESP,2021-10-12,4977448.0,0.0,86827.0,0.0
ESP,2021-10-13,4980206.0,2758.0,86869.0,42.0
ESP,2021-10-14,4982138.0,1932.0,86917.0,48.0
ESP,2021-10-15,4984386.0,2248.0,86974.0,57.0
ESP,2021-10-16,4984386.0,0.0,86974.0,0.0
ESP,2021-10-17,4984386.0,0.0,86974.0,0.0
ESP,2021-10-18,4988878.0,4492.0,87030.0,56.0
ESP,2021-10-19,4990767.0,1889.0,87051.0,21.0
ESP,2021-10-20,4993295.0,2528.0,87082.0,31.0
ESP,2021-10-21,4995176.0,1881.0,87102.0,20.0
ESP,2021-10-22,4997732.0,2556.0,87132.0,30.0
ESP,2021-10-23,4997732.0,0.0,87132.0,0.0
ESP,2021-10-24,4997732.0,0.0,87132.0,0.0
ESP,2021-10-25,5002217.0,4485.0,87186.0,54.0
ESP,2021-10-26,5004143.0,1926.0,87238.0,52.0
ESP,2021-10-27,5006675.0,2532.0,87289.0,51.0
ESP,2021-10-28,5008887.0,2212.0,87322.0,33.0
ESP,2021-10-29,5011148.0,2261.0,87368.0,46.0
ESP,2021-10-30,5011148.0,0.0,87368.0,0.0
ESP,2021-10-31,5011148.0,0.0,87368.0,0.0
ESP,2021-11-01,5011148.0,0.0,87368.0,0.0
ESP,2021-11-02,5016968.0,5820.0,87423.0,55.0
ESP,2021-11-03,5019255.0,2287.0,87462.0,39.0
ESP,2021-11-04,5022546.0,3291.0,87477.0,15.0
ESP,2021-11-05,5025639.0,3093.0,87504.0,27.0
ESP,2021-11-06,5025639.0,0.0,87504.0,0.0
ESP,2021-11-07,5025639.0,0.0,87504.0,0.0
ESP,2021-11-08,5032056.0,6417.0,87558.0,54.0
ESP,2021-11-09,5032056.0,0.0,87558.0,0.0
ESP,2021-11-10,5038517.0,6461.0,87617.0,59.0
ESP,2021-11-11,5042803.0,4286.0,87647.0,30.0
ESP,2021-11-12,5047156.0,4353.0,87673.0,26.0
ESP,2021-11-13,5047156.0,0.0,87673.0,0.0
ESP,2021-11-14,5047156.0,0.0,87673.0,0.0
ESP,2021-11-15,5056954.0,9798.0,87716.0,43.0
ESP,2021-11-16,5061045.0,4091.0,87745.0,29.0
ESP,2021-11-17,5067712.0,6667.0,87775.0,30.0
ESP,2021-11-18,5074027.0,6315.0,87804.0,29.0
ESP,2021-11-19,5080663.0,6636.0,87810.0,6.0
ESP,2021-11-20,5080663.0,0.0,87810.0,0.0
ESP,2021-11-21,5080663.0,0.0,87810.0,0.0
ESP,2021-11-22,5096538.0,15875.0,87832.0,22.0
ESP,2021-11-23,5103315.0,6777.0,87866.0,34.0
ESP,2021-11-24,5111842.0,8527.0,87904.0,38.0
CHE,2020-02-25,1.0,1.0,,
CHE,2020-02-26,1.0,0.0,,
CHE,2020-02-27,8.0,7.0,,
CHE,2020-02-28,8.0,0.0,,
CHE,2020-02-29,18.0,10.0,,
CHE,2020-03-01,27.0,9.0,,
CHE,2020-03-02,42.0,15.0,,
CHE,2020-03-03,56.0,14.0,,
CHE,2020-03-04,90.0,34.0,,
CHE,2020-03-05,114.0,24.0,,
CHE,2020-03-06,214.0,100.0,1.0,1.0
CHE,2020-03-07,268.0,54.0,1.0,0.0
CHE,2020-03-08,337.0,69.0,2.0,1.0
CHE,2020-03-09,374.0,37.0,2.0,0.0
CHE,2020-03-10,491.0,117.0,5.0,3.0
CHE,2020-03-11,652.0,161.0,7.0,2.0
CHE,2020-03-12,652.0,0.0,10.0,3.0
CHE,2020-03-13,1139.0,487.0,11.0,1.0
CHE,2020-03-14,1359.0,220.0,14.0,3.0
CHE,2020-03-15,2200.0,841.0,22.0,8.0
CHE,2020-03-16,2200.0,0.0,33.0,11.0
CHE,2020-03-17,2700.0,500.0,40.0,7.0
CHE,2020-03-18,3028.0,328.0,48.0,8.0
CHE,2020-03-19,4075.0,1047.0,58.0,10.0
CHE,2020-03-20,5294.0,1219.0,78.0,20.0
CHE,2020-03-21,6575.0,1281.0,98.0,20.0
CHE,2020-03-22,7474.0,899.0,113.0,15.0
CHE,2020-03-23,8795.0,1321.0,141.0,28.0
CHE,2020-03-24,9877.0,1082.0,161.0,20.0
CHE,2020-03-25,10897.0,1020.0,196.0,35.0
CHE,2020-03-26,11811.0,914.0,238.0,42.0
CHE,2020-03-27,12928.0,1117.0,273.0,35.0
CHE,2020-03-28,14076.0,1148.0,329.0,56.0
CHE,2020-03-29,14829.0,753.0,376.0,47.0
CHE,2020-03-30,15922.0,1093.0,434.0,58.0
CHE,2020-03-31,16605.0,683.0,485.0,51.0
CHE,2020-04-01,17768.0,1163.0,546.0,61.0
CHE,2020-04-02,18827.0,1059.0,605.0,59.0
CHE,2020-04-03,19606.0,779.0,660.0,55.0
CHE,2020-04-04,20505.0,899.0,719.0,59.0
CHE,2020-04-05,21100.0,595.0,771.0,52.0
CHE,2020-04-06,21657.0,557.0,823.0,52.0
CHE,2020-04-07,22253.0,596.0,882.0,59.0
CHE,2020-04-08,23280.0,1027.0,946.0,64.0
CHE,2020-04-09,24051.0,771.0,991.0,45.0
CHE,2020-04-10,24551.0,500.0,1046.0,55.0
CHE,2020-04-11,25107.0,556.0,1087.0,41.0
CHE,2020-04-12,25415.0,308.0,1141.0,54.0
CHE,2020-04-13,25688.0,273.0,1173.0,32.0
CHE,2020-04-14,25936.0,248.0,1209.0,36.0
CHE,2020-04-15,26336.0,400.0,1256.0,47.0
CHE,2020-04-16,26732.0,396.0,1298.0,42.0
CHE,2020-04-17,27078.0,346.0,1330.0,32.0
CHE,2020-04-18,27404.0,326.0,1366.0,36.0
CHE,2020-04-19,27740.0,336.0,1391.0,25.0
CHE,2020-04-20,27944.0,204.0,1432.0,41.0
CHE,2020-04-21,28063.0,119.0,1469.0,37.0
CHE,2020-04-22,28268.0,205.0,1497.0,28.0
CHE,2020-04-23,28496.0,228.0,1531.0,34.0
CHE,2020-04-24,28677.0,181.0,1554.0,23.0
CHE,2020-04-25,28894.0,217.0,1581.0,27.0
CHE,2020-04-26,29061.0,167.0,1594.0,13.0
CHE,2020-04-27,29164.0,103.0,1614.0,20.0
CHE,2020-04-28,29264.0,100.0,1637.0,23.0
CHE,2020-04-29,29407.0,143.0,1649.0,12.0
CHE,2020-04-30,29586.0,179.0,1665.0,16.0
CHE,2020-05-01,29705.0,119.0,1679.0,14.0
CHE,2020-05-02,29817.0,112.0,1688.0,9.0
CHE,2020-05-03,29905.0,88.0,1695.0,7.0
CHE,2020-05-04,29981.0,76.0,1702.0,7.0
CHE,2020-05-05,30009.0,28.0,1714.0,12.0
CHE,2020-05-06,30060.0,51.0,1719.0,5.0
CHE,2020-05-07,30126.0,66.0,1730.0,11.0
CHE,2020-05-08,30207.0,81.0,1738.0,8.0
CHE,2020-05-09,30251.0,44.0,1745.0,7.0
CHE,2020-05-10,30305.0,54.0,1754.0,9.0
CHE,2020-05-11,30344.0,39.0,1757.0,3.0
CHE,2020-05-12,30380.0,36.0,1758.0,1.0
CHE,2020-05-13,30413.0,33.0,1761.0,3.0
CHE,2020-05-14,30463.0,50.0,1763.0,2.0
CHE,2020-05-15,30514.0,51.0,1767.0,4.0
CHE,2020-05-16,30572.0,58.0,1768.0,1.0
CHE,2020-05-17,30587.0,15.0,1772.0,4.0
CHE,2020-05-18,30597.0,10.0,1778.0,6.0
CHE,2020-05-19,30618.0,21.0,1781.0,3.0
CHE,2020-05-20,30658.0,40.0,1781.0,0.0
CHE,2020-05-21,30694.0,36.0,1786.0,5.0
CHE,2020-05-22,30707.0,13.0,1788.0,2.0
CHE,2020-05-23,30725.0,18.0,1789.0,1.0
CHE,2020-05-24,30736.0,11.0,1790.0,1.0
CHE,2020-05-25,30746.0,10.0,1793.0,3.0
CHE,2020-05-26,30761.0,15.0,1795.0,2.0
CHE,2020-05-27,30776.0,15.0,1796.0,1.0
CHE,2020-05-28,30796.0,20.0,1796.0,0.0
CHE,2020-05-29,30828.0,32.0,1796.0,0.0
CHE,2020-05-30,30845.0,17.0,1796.0,0.0
CHE,2020-05-31,30862.0,17.0,1796.0,0.0
CHE,2020-06-01,30871.0,9.0,1796.0,0.0
CHE,2020-06-02,30874.0,3.0,1796.0,0.0
CHE,2020-06-03,30893.0,19.0,1796.0,0.0
CHE,2020-06-04,30913.0,20.0,1796.0,0.0
CHE,2020-06-05,30936.0,23.0,1796.0,0.0
CHE,2020-06-06,30956.0,20.0,1796.0,0.0
CHE,2020-06-07,30965.0,9.0,1798.0,2.0
CHE,2020-06-08,30972.0,7.0,1799.0,1.0
CHE,2020-06-09,30988.0,16.0,1799.0,0.0
CHE,2020-06-10,31011.0,23.0,1800.0,1.0
CHE,2020-06-11,31044.0,33.0,1800.0,0.0
CHE,2020-06-12,31063.0,19.0,1802.0,2.0
CHE,2020-06-13,31094.0,31.0,1802.0,0.0
CHE,2020-06-14,31117.0,23.0,1802.0,0.0
CHE,2020-06-15,31131.0,14.0,1802.0,0.0
CHE,2020-06-16,31154.0,23.0,1803.0,1.0
CHE,2020-06-17,31187.0,33.0,1805.0,2.0
CHE,2020-06-18,31200.0,13.0,1805.0,0.0
CHE,2020-06-19,31235.0,35.0,1805.0,0.0
CHE,2020-06-20,31243.0,8.0,1805.0,0.0
CHE,2020-06-21,31292.0,49.0,1806.0,1.0
CHE,2020-06-22,31310.0,18.0,1808.0,2.0
CHE,2020-06-23,31332.0,22.0,1808.0,0.0
CHE,2020-06-24,31376.0,44.0,1808.0,0.0
CHE,2020-06-25,31428.0,52.0,1808.0,0.0
CHE,2020-06-26,31486.0,58.0,1808.0,0.0
CHE,2020-06-27,31555.0,69.0,1808.0,0.0
CHE,2020-06-28,31617.0,62.0,1808.0,0.0
CHE,2020-06-29,31652.0,35.0,1809.0,1.0
CHE,2020-06-30,31714.0,62.0,1809.0,0.0
CHE,2020-07-01,31851.0,137.0,1810.0,1.0
CHE,2020-07-02,31967.0,116.0,1810.0,0.0
CHE,2020-07-03,32101.0,134.0,1810.0,0.0
CHE,2020-07-04,32198.0,97.0,1810.0,0.0
CHE,2020-07-05,32268.0,70.0,1810.0,0.0
CHE,2020-07-06,32315.0,47.0,1811.0,1.0
CHE,2020-07-07,32369.0,54.0,1811.0,0.0
CHE,2020-07-08,32498.0,129.0,1813.0,2.0
CHE,2020-07-09,32586.0,88.0,1813.0,0.0
CHE,2020-07-10,32690.0,104.0,1813.0,0.0
CHE,2020-07-11,32817.0,127.0,1813.0,0.0
CHE,2020-07-12,32883.0,66.0,1813.0,0.0
CHE,2020-07-13,32946.0,63.0,1813.0,0.0
CHE,2020-07-14,33016.0,70.0,1813.0,0.0
CHE,2020-07-15,33148.0,132.0,1814.0,1.0
CHE,2020-07-16,33290.0,142.0,1815.0,1.0
CHE,2020-07-17,33382.0,92.0,1815.0,0.0
CHE,2020-07-18,33492.0,110.0,1815.0,0.0
CHE,2020-07-19,33591.0,99.0,1815.0,0.0
CHE,2020-07-20,33634.0,43.0,1818.0,3.0
CHE,2020-07-21,33742.0,108.0,1819.0,1.0
CHE,2020-07-22,33883.0,141.0,1819.0,0.0
CHE,2020-07-23,34000.0,117.0,1821.0,2.0
CHE,2020-07-24,34154.0,154.0,1822.0,1.0
CHE,2020-07-25,34302.0,148.0,1822.0,0.0
CHE,2020-07-26,34412.0,110.0,1823.0,1.0
CHE,2020-07-27,34477.0,65.0,1824.0,1.0
CHE,2020-07-28,34609.0,132.0,1825.0,1.0
CHE,2020-07-29,34802.0,193.0,1825.0,0.0
CHE,2020-07-30,35022.0,220.0,1825.0,0.0
CHE,2020-07-31,35232.0,210.0,1827.0,2.0
CHE,2020-08-01,35412.0,180.0,1828.0,1.0
CHE,2020-08-02,35550.0,138.0,1828.0,0.0
CHE,2020-08-03,35616.0,66.0,1828.0,0.0
CHE,2020-08-04,35746.0,130.0,1829.0,1.0
CHE,2020-08-05,35927.0,181.0,1830.0,1.0
CHE,2020-08-06,36108.0,181.0,1831.0,1.0
CHE,2020-08-07,36269.0,161.0,1832.0,1.0
CHE,2020-08-08,36451.0,182.0,1833.0,1.0
CHE,2020-08-09,36603.0,152.0,1833.0,0.0
CHE,2020-08-10,36708.0,105.0,1834.0,1.0
CHE,2020-08-11,36895.0,187.0,1835.0,1.0
CHE,2020-08-12,37169.0,274.0,1835.0,0.0
CHE,2020-08-13,37403.0,234.0,1836.0,1.0
CHE,2020-08-14,37671.0,268.0,1836.0,0.0
CHE,2020-08-15,37924.0,253.0,1838.0,2.0
CHE,2020-08-16,38124.0,200.0,1838.0,0.0
CHE,2020-08-17,38252.0,128.0,1840.0,2.0
CHE,2020-08-18,38449.0,197.0,1840.0,0.0
CHE,2020-08-19,38760.0,311.0,1840.0,0.0
CHE,2020-08-20,39026.0,266.0,1840.0,0.0
CHE,2020-08-21,39332.0,306.0,1841.0,1.0
CHE,2020-08-22,39627.0,295.0,1842.0,1.0
CHE,2020-08-23,39903.0,276.0,1843.0,1.0
CHE,2020-08-24,40060.0,157.0,1844.0,1.0
CHE,2020-08-25,40262.0,202.0,1844.0,0.0
CHE,2020-08-26,40645.0,383.0,1844.0,0.0
CHE,2020-08-27,41006.0,361.0,1845.0,1.0
CHE,2020-08-28,41346.0,340.0,1845.0,0.0
CHE,2020-08-29,41722.0,376.0,1846.0,1.0
CHE,2020-08-30,42014.0,292.0,1847.0,1.0
CHE,2020-08-31,42177.0,163.0,1848.0,1.0
CHE,2020-09-01,42393.0,216.0,1848.0,0.0
CHE,2020-09-02,42763.0,370.0,1851.0,3.0
CHE,2020-09-03,43127.0,364.0,1851.0,0.0
CHE,2020-09-04,43532.0,405.0,1852.0,1.0
CHE,2020-09-05,43957.0,425.0,1853.0,1.0
CHE,2020-09-06,44401.0,444.0,1857.0,4.0
CHE,2020-09-07,44592.0,191.0,1857.0,0.0
CHE,2020-09-08,44837.0,245.0,1859.0,2.0
CHE,2020-09-09,45306.0,469.0,1862.0,3.0
CHE,2020-09-10,45711.0,405.0,1862.0,0.0
CHE,2020-09-11,46239.0,528.0,1866.0,4.0
CHE,2020-09-12,46704.0,465.0,1870.0,4.0
CHE,2020-09-13,47179.0,475.0,1870.0,0.0
CHE,2020-09-14,47436.0,257.0,1870.0,0.0
CHE,2020-09-15,47751.0,315.0,1871.0,1.0
CHE,2020-09-16,48265.0,514.0,1878.0,7.0
CHE,2020-09-17,48795.0,530.0,1883.0,5.0
CHE,2020-09-18,49283.0,488.0,1886.0,3.0
CHE,2020-09-19,49283.0,0.0,1890.0,4.0
CHE,2020-09-20,49283.0,0.0,1890.0,0.0
CHE,2020-09-21,50378.0,1095.0,1893.0,3.0
CHE,2020-09-22,50664.0,286.0,1894.0,1.0
CHE,2020-09-23,51101.0,437.0,1897.0,3.0
CHE,2020-09-24,51492.0,391.0,1901.0,4.0
CHE,2020-09-25,51864.0,372.0,1902.0,1.0
CHE,2020-09-26,51864.0,0.0,1903.0,1.0
CHE,2020-09-27,51864.0,0.0,1904.0,1.0
CHE,2020-09-28,52646.0,782.0,1908.0,4.0
CHE,2020-09-29,52871.0,225.0,1908.0,0.0
CHE,2020-09-30,53282.0,411.0,1908.0,0.0
CHE,2020-10-01,53832.0,550.0,1912.0,4.0
CHE,2020-10-02,54384.0,552.0,1913.0,1.0
CHE,2020-10-03,54384.0,0.0,1913.0,0.0
CHE,2020-10-04,54384.0,0.0,1914.0,1.0
CHE,2020-10-05,55932.0,1548.0,1916.0,2.0
CHE,2020-10-06,56632.0,700.0,1918.0,2.0
CHE,2020-10-07,57709.0,1077.0,1919.0,1.0
CHE,2020-10-08,58881.0,1172.0,1923.0,4.0
CHE,2020-10-09,60368.0,1487.0,1925.0,2.0
CHE,2020-10-10,60368.0,0.0,1927.0,2.0
CHE,2020-10-11,60368.0,0.0,1930.0,3.0
CHE,2020-10-12,64436.0,4068.0,1936.0,6.0
CHE,2020-10-13,65881.0,1445.0,1944.0,8.0
CHE,2020-10-14,68704.0,2823.0,1950.0,6.0
CHE,2020-10-15,71317.0,2613.0,1956.0,6.0
CHE,2020-10-16,74422.0,3105.0,1966.0,10.0
CHE,2020-10-17,74422.0,0.0,1973.0,7.0
CHE,2020-10-18,74422.0,0.0,1981.0,8.0
CHE,2020-10-19,83159.0,8737.0,1993.0,12.0
CHE,2020-10-20,86167.0,3008.0,2007.0,14.0
CHE,2020-10-21,91763.0,5596.0,2023.0,16.0
CHE,2020-10-22,97019.0,5256.0,2044.0,21.0
CHE,2020-10-23,103653.0,6634.0,2066.0,22.0
CHE,2020-10-24,103653.0,0.0,2096.0,30.0
CHE,2020-10-25,103653.0,0.0,2121.0,25.0
CHE,2020-10-26,121093.0,17440.0,2143.0,22.0
CHE,2020-10-27,127042.0,5949.0,2179.0,36.0
CHE,2020-10-28,135658.0,8616.0,2220.0,41.0
CHE,2020-10-29,145044.0,9386.0,2280.0,60.0
CHE,2020-10-30,154251.0,9207.0,2324.0,44.0
CHE,2020-10-31,154251.0,0.0,2378.0,54.0
CHE,2020-11-01,154251.0,0.0,2437.0,59.0
CHE,2020-11-02,176177.0,21926.0,2504.0,67.0
CHE,2020-11-03,182303.0,6126.0,2582.0,78.0
CHE,2020-11-04,192376.0,10073.0,2670.0,88.0
CHE,2020-11-05,202504.0,10128.0,2755.0,85.0
CHE,2020-11-06,211913.0,9409.0,2839.0,84.0
CHE,2020-11-07,211913.0,0.0,2908.0,69.0
CHE,2020-11-08,211913.0,0.0,2994.0,86.0
CHE,2020-11-09,229222.0,17309.0,3100.0,106.0
CHE,2020-11-10,235202.0,5980.0,3196.0,96.0
CHE,2020-11-11,243472.0,8270.0,3295.0,99.0
CHE,2020-11-12,250396.0,6924.0,3392.0,97.0
CHE,2020-11-13,257135.0,6739.0,3482.0,90.0
CHE,2020-11-14,257135.0,0.0,3567.0,85.0
CHE,2020-11-15,257135.0,0.0,3658.0,91.0
CHE,2020-11-16,269974.0,12839.0,3769.0,111.0
CHE,2020-11-17,274534.0,4560.0,3870.0,101.0
CHE,2020-11-18,280648.0,6114.0,3967.0,97.0
CHE,2020-11-19,285655.0,5007.0,4070.0,103.0
CHE,2020-11-20,290601.0,4946.0,4158.0,88.0
CHE,2020-11-21,290601.0,0.0,4235.0,77.0
CHE,2020-11-22,290601.0,0.0,4321.0,86.0
CHE,2020-11-23,300352.0,9751.0,4423.0,102.0
CHE,2020-11-24,304593.0,4241.0,4517.0,94.0
CHE,2020-11-25,309469.0,4876.0,4611.0,94.0
CHE,2020-11-26,313978.0,4509.0,4704.0,93.0
CHE,2020-11-27,318290.0,4312.0,4779.0,75.0
CHE,2020-11-28,318290.0,0.0,4857.0,78.0
CHE,2020-11-29,318290.0,0.0,4946.0,89.0
CHE,2020-11-30,327072.0,8782.0,5053.0,107.0
CHE,2020-12-01,330874.0,3802.0,5160.0,107.0
CHE,2020-12-02,335660.0,4786.0,5245.0,85.0
CHE,2020-12-03,340115.0,4455.0,5341.0,96.0
CHE,2020-12-04,344497.0,4382.0,5418.0,77.0
CHE,2020-12-05,344497.0,0.0,5494.0,76.0
CHE,2020-12-06,344497.0,0.0,5584.0,90.0
CHE,2020-12-07,354306.0,9809.0,5683.0,99.0
CHE,2020-12-08,358568.0,4262.0,5780.0,97.0
CHE,2020-12-09,363654.0,5086.0,5882.0,102.0
CHE,2020-12-10,368695.0,5041.0,5970.0,88.0
CHE,2020-12-11,373831.0,5136.0,6058.0,88.0
CHE,2020-12-12,373831.0,0.0,6137.0,79.0
CHE,2020-12-13,373831.0,0.0,6235.0,98.0
CHE,2020-12-14,384557.0,10726.0,6345.0,110.0
CHE,2020-12-15,388828.0,4271.0,6439.0,94.0
CHE,2020-12-16,394453.0,5625.0,6560.0,121.0
CHE,2020-12-17,399511.0,5058.0,6654.0,94.0
CHE,2020-12-18,403989.0,4478.0,6736.0,82.0
CHE,2020-12-19,403989.0,0.0,6803.0,67.0
CHE,2020-12-20,403989.0,0.0,6912.0,109.0
CHE,2020-12-21,413991.0,10002.0,7010.0,98.0
CHE,2020-12-22,418266.0,4275.0,7110.0,100.0
CHE,2020-12-23,423299.0,5033.0,7203.0,93.0
CHE,2020-12-24,428197.0,4898.0,7287.0,84.0
CHE,2020-12-25,428197.0,0.0,7352.0,65.0
CHE,2020-12-26,428197.0,0.0,7432.0,80.0
CHE,2020-12-27,428197.0,0.0,7536.0,104.0
CHE,2020-12-28,438284.0,10087.0,7609.0,73.0
CHE,2020-12-29,442481.0,4197.0,7703.0,94.0
CHE,2020-12-30,447905.0,5424.0,7796.0,93.0
CHE,2020-12-31,452296.0,4391.0,7873.0,77.0
CHE,2021-01-01,452296.0,0.0,7948.0,75.0
CHE,2021-01-02,452296.0,0.0,8009.0,61.0
CHE,2021-01-03,452296.0,0.0,8085.0,76.0
CHE,2021-01-04,461961.0,9665.0,8153.0,68.0
CHE,2021-01-05,465981.0,4020.0,8221.0,68.0
CHE,2021-01-06,470789.0,4808.0,8287.0,66.0
CHE,2021-01-07,474764.0,3975.0,8353.0,66.0
CHE,2021-01-08,477983.0,3219.0,8395.0,42.0
CHE,2021-01-09,477983.0,0.0,8459.0,64.0
CHE,2021-01-10,477983.0,0.0,8524.0,65.0
CHE,2021-01-11,484506.0,6523.0,8587.0,63.0
CHE,2021-01-12,487357.0,2851.0,8646.0,59.0
CHE,2021-01-13,490358.0,3001.0,8709.0,63.0
CHE,2021-01-14,492832.0,2474.0,8758.0,49.0
CHE,2021-01-15,495228.0,2396.0,8831.0,73.0
CHE,2021-01-16,495228.0,0.0,8871.0,40.0
CHE,2021-01-17,495228.0,0.0,8920.0,49.0
CHE,2021-01-18,499931.0,4703.0,8972.0,52.0
CHE,2021-01-19,502191.0,2260.0,9038.0,66.0
CHE,2021-01-20,504918.0,2727.0,9078.0,40.0
CHE,2021-01-21,507123.0,2205.0,9128.0,50.0
CHE,2021-01-22,509279.0,2156.0,9177.0,49.0
CHE,2021-01-23,509279.0,0.0,9224.0,47.0
CHE,2021-01-24,509279.0,0.0,9272.0,48.0
CHE,2021-01-25,513599.0,4320.0,9309.0,37.0
CHE,2021-01-26,515483.0,1884.0,9355.0,46.0
CHE,2021-01-27,517705.0,2222.0,9392.0,37.0
CHE,2021-01-28,519404.0,1699.0,9439.0,47.0
CHE,2021-01-29,521320.0,1916.0,9480.0,41.0
CHE,2021-01-30,521320.0,0.0,9487.0,7.0
CHE,2021-01-31,521320.0,0.0,9523.0,36.0
CHE,2021-02-01,525095.0,3775.0,9558.0,35.0
CHE,2021-02-02,526728.0,1633.0,9584.0,26.0
CHE,2021-02-03,528524.0,1796.0,9605.0,21.0
CHE,2021-02-04,530289.0,1765.0,9635.0,30.0
CHE,2021-02-05,531873.0,1584.0,9658.0,23.0
CHE,2021-02-06,531873.0,0.0,9688.0,30.0
CHE,2021-02-07,531873.0,0.0,9716.0,28.0
CHE,2021-02-08,535153.0,3280.0,9629.0,-87.0
CHE,2021-02-09,536516.0,1363.0,9760.0,131.0
CHE,2021-02-10,538118.0,1602.0,9785.0,25.0
CHE,2021-02-11,539474.0,1356.0,9799.0,14.0
CHE,2021-02-12,540727.0,1253.0,9815.0,16.0
CHE,2021-02-13,540727.0,0.0,9835.0,20.0
CHE,2021-02-14,540727.0,0.0,9853.0,18.0
CHE,2021-02-15,543207.0,2480.0,9872.0,19.0
CHE,2021-02-16,544282.0,1075.0,9881.0,9.0
CHE,2021-02-17,545535.0,1253.0,9903.0,22.0
CHE,2021-02-18,546754.0,1219.0,9913.0,10.0
CHE,2021-02-19,547775.0,1021.0,9925.0,12.0
CHE,2021-02-20,547775.0,0.0,9935.0,10.0
CHE,2021-02-21,547775.0,0.0,9946.0,11.0
CHE,2021-02-22,550224.0,2449.0,9958.0,12.0
CHE,2021-02-23,551355.0,1131.0,9969.0,11.0
CHE,2021-02-24,552698.0,1343.0,9980.0,11.0
CHE,2021-02-25,553867.0,1169.0,9994.0,14.0
CHE,2021-02-26,554932.0,1065.0,10002.0,8.0
CHE,2021-02-27,554932.0,0.0,10009.0,7.0
CHE,2021-02-28,554932.0,0.0,10016.0,7.0
CHE,2021-03-01,557492.0,2560.0,10027.0,11.0
CHE,2021-03-02,558622.0,1130.0,10035.0,8.0
CHE,2021-03-03,559845.0,1223.0,10043.0,8.0
CHE,2021-03-04,561068.0,1223.0,10049.0,6.0
CHE,2021-03-05,562290.0,1222.0,10059.0,10.0
CHE,2021-03-06,562290.0,0.0,10067.0,8.0
CHE,2021-03-07,562290.0,0.0,10074.0,7.0
CHE,2021-03-08,565034.0,2744.0,10083.0,9.0
CHE,2021-03-09,566412.0,1378.0,10093.0,10.0
CHE,2021-03-10,567903.0,1491.0,10105.0,12.0
CHE,2021-03-11,569312.0,1409.0,10113.0,8.0
CHE,2021-03-12,570645.0,1333.0,10120.0,7.0
CHE,2021-03-13,570645.0,0.0,10132.0,12.0
CHE,2021-03-14,570645.0,0.0,10143.0,11.0
CHE,2021-03-15,573815.0,3170.0,10152.0,9.0
CHE,2021-03-16,575253.0,1438.0,10164.0,12.0
CHE,2021-03-17,577111.0,1858.0,10175.0,11.0
CHE,2021-03-18,578861.0,1750.0,10181.0,6.0
CHE,2021-03-19,580609.0,1748.0,10189.0,8.0
CHE,2021-03-20,580609.0,0.0,10195.0,6.0
CHE,2021-03-21,580609.0,0.0,10202.0,7.0
CHE,2021-03-22,584252.0,3643.0,10207.0,5.0
CHE,2021-03-23,586096.0,1844.0,10219.0,12.0
CHE,2021-03-24,588118.0,2022.0,10229.0,10.0
CHE,2021-03-25,590164.0,2046.0,10241.0,12.0
CHE,2021-03-26,592217.0,2053.0,10245.0,4.0
CHE,2021-03-27,592217.0,0.0,10255.0,10.0
CHE,2021-03-28,592217.0,0.0,10264.0,9.0
CHE,2021-03-29,596790.0,4573.0,10271.0,7.0
CHE,2021-03-30,598713.0,1923.0,10285.0,14.0
CHE,2021-03-31,601124.0,2411.0,10297.0,12.0
CHE,2021-04-01,603092.0,1968.0,10308.0,11.0
CHE,2021-04-02,605342.0,2250.0,10313.0,5.0
CHE,2021-04-03,605342.0,0.0,10323.0,10.0
CHE,2021-04-04,605342.0,0.0,10331.0,8.0
CHE,2021-04-05,605342.0,0.0,10351.0,20.0
CHE,2021-04-06,610274.0,4932.0,10365.0,14.0
CHE,2021-04-07,612575.0,2301.0,10378.0,13.0
CHE,2021-04-08,615024.0,2449.0,10383.0,5.0
CHE,2021-04-09,617543.0,2519.0,10388.0,5.0
CHE,2021-04-10,617543.0,0.0,10392.0,4.0
CHE,2021-04-11,617543.0,0.0,10401.0,9.0
CHE,2021-04-12,623126.0,5583.0,10406.0,5.0
CHE,2021-04-13,625367.0,2241.0,10412.0,6.0
CHE,2021-04-14,627968.0,2601.0,10422.0,10.0
CHE,2021-04-15,630194.0,2226.0,10425.0,3.0
CHE,2021-04-16,632399.0,2205.0,10431.0,6.0
CHE,2021-04-17,632399.0,0.0,10441.0,10.0
CHE,2021-04-18,632399.0,0.0,10446.0,5.0
CHE,2021-04-19,637304.0,4905.0,10458.0,12.0
CHE,2021-04-20,639445.0,2141.0,10465.0,7.0
CHE,2021-04-21,642131.0,2686.0,10472.0,7.0
CHE,2021-04-22,644396.0,2265.0,10476.0,4.0
CHE,2021-04-23,646509.0,2113.0,10490.0,14.0
CHE,2021-04-24,646509.0,0.0,10495.0,5.0
CHE,2021-04-25,646509.0,0.0,10504.0,9.0
CHE,2021-04-26,651822.0,5313.0,10513.0,9.0
CHE,2021-04-27,653957.0,2135.0,10529.0,16.0
CHE,2021-04-28,656077.0,2120.0,10537.0,8.0
CHE,2021-04-29,658143.0,2066.0,10544.0,7.0
CHE,2021-04-30,659974.0,1831.0,10555.0,11.0
CHE,2021-05-01,659974.0,0.0,10565.0,10.0
CHE,2021-05-02,659974.0,0.0,10571.0,6.0
CHE,2021-05-03,663952.0,3978.0,10578.0,7.0
CHE,2021-05-04,665585.0,1633.0,10582.0,4.0
CHE,2021-05-05,667380.0,1795.0,10593.0,11.0
CHE,2021-05-06,669067.0,1687.0,10598.0,5.0
CHE,2021-05-07,670613.0,1546.0,10608.0,10.0
CHE,2021-05-08,670613.0,0.0,10612.0,4.0
CHE,2021-05-09,670613.0,0.0,10618.0,6.0
CHE,2021-05-10,674296.0,3683.0,10621.0,3.0
CHE,2021-05-11,675671.0,1375.0,10625.0,4.0
CHE,2021-05-12,677210.0,1539.0,10628.0,3.0
CHE,2021-05-13,677210.0,0.0,10632.0,4.0
CHE,2021-05-14,679510.0,2300.0,10637.0,5.0
CHE,2021-05-15,679510.0,0.0,10639.0,2.0
CHE,2021-05-16,679510.0,0.0,10647.0,8.0
CHE,2021-05-17,682160.0,2650.0,10650.0,3.0
CHE,2021-05-18,683400.0,1240.0,10654.0,4.0
CHE,2021-05-19,684954.0,1554.0,10660.0,6.0
CHE,2021-05-20,686152.0,1198.0,10663.0,3.0
CHE,2021-05-21,686152.0,0.0,10671.0,8.0
CHE,2021-05-22,687353.0,1201.0,10681.0,10.0
CHE,2021-05-23,687353.0,0.0,10684.0,3.0
CHE,2021-05-24,687353.0,0.0,10688.0,4.0
CHE,2021-05-25,690123.0,2770.0,10692.0,4.0
CHE,2021-05-26,691119.0,996.0,10693.0,1.0
CHE,2021-05-27,692111.0,992.0,10700.0,7.0
CHE,2021-05-28,693023.0,912.0,10705.0,5.0
CHE,2021-05-29,693023.0,0.0,10710.0,5.0
CHE,2021-05-30,693023.0,0.0,10710.0,0.0
CHE,2021-05-31,694740.0,1717.0,10712.0,2.0
CHE,2021-06-01,695496.0,756.0,10712.0,0.0
CHE,2021-06-02,696213.0,717.0,10715.0,3.0
CHE,2021-06-03,696801.0,588.0,10721.0,6.0
CHE,2021-06-04,697292.0,491.0,10726.0,5.0
CHE,2021-06-05,697292.0,0.0,10728.0,2.0
CHE,2021-06-06,697292.0,0.0,10732.0,4.0
CHE,2021-06-07,698369.0,1077.0,10734.0,2.0
CHE,2021-06-08,698798.0,429.0,10738.0,4.0
CHE,2021-06-09,698798.0,0.0,10741.0,3.0
CHE,2021-06-10,699697.0,899.0,10745.0,4.0
CHE,2021-06-11,700051.0,354.0,10747.0,2.0
CHE,2021-06-12,700051.0,0.0,10748.0,1.0
CHE,2021-06-13,700051.0,0.0,10749.0,1.0
CHE,2021-06-14,700735.0,684.0,10749.0,0.0
CHE,2021-06-15,700978.0,243.0,10752.0,3.0
CHE,2021-06-16,701260.0,282.0,10757.0,5.0
CHE,2021-06-17,701454.0,194.0,10759.0,2.0
CHE,2021-06-18,701627.0,173.0,10761.0,2.0
CHE,2021-06-19,701627.0,0.0,10762.0,1.0
CHE,2021-06-20,701627.0,0.0,10764.0,2.0
CHE,2021-06-21,701994.0,367.0,10764.0,0.0
CHE,2021-06-22,702124.0,130.0,10765.0,1.0
CHE,2021-06-23,702278.0,154.0,10766.0,1.0
CHE,2021-06-24,702398.0,120.0,10769.0,3.0
CHE,2021-06-25,702507.0,109.0,10771.0,2.0
CHE,2021-06-26,702507.0,0.0,10771.0,0.0
CHE,2021-06-27,702507.0,0.0,10773.0,2.0
CHE,2021-06-28,702746.0,239.0,10773.0,0.0
CHE,2021-06-29,702875.0,129.0,10775.0,2.0
CHE,2021-06-30,703004.0,129.0,10773.0,-2.0
CHE,2021-07-01,703176.0,172.0,10773.0,0.0
CHE,2021-07-02,703334.0,158.0,10773.0,0.0
CHE,2021-07-03,703334.0,0.0,10773.0,0.0
CHE,2021-07-04,703334.0,0.0,10774.0,1.0
CHE,2021-07-05,703783.0,449.0,10774.0,0.0
CHE,2021-07-06,704057.0,274.0,10774.0,0.0
CHE,2021-07-07,704352.0,295.0,10774.0,0.0
CHE,2021-07-08,704620.0,268.0,10774.0,0.0
CHE,2021-07-09,704943.0,323.0,10774.0,0.0
CHE,2021-07-10,704943.0,0.0,10774.0,0.0
CHE,2021-07-11,704943.0,0.0,10776.0,2.0
CHE,2021-07-12,705765.0,822.0,10776.0,0.0
CHE,2021-07-13,706248.0,483.0,10777.0,1.0
CHE,2021-07-14,706775.0,527.0,10777.0,0.0
CHE,2021-07-15,707357.0,582.0,10777.0,0.0
CHE,2021-07-16,707357.0,0.0,10777.0,0.0
CHE,2021-07-17,707976.0,619.0,10778.0,1.0
CHE,2021-07-18,707976.0,0.0,10778.0,0.0
CHE,2021-07-19,709536.0,1560.0,10778.0,0.0
CHE,2021-07-20,710243.0,707.0,10778.0,0.0
CHE,2021-07-21,711016.0,773.0,10780.0,2.0
CHE,2021-07-22,711877.0,861.0,10780.0,0.0
CHE,2021-07-23,712668.0,791.0,10780.0,0.0
CHE,2021-07-24,712668.0,0.0,10781.0,1.0
CHE,2021-07-25,712668.0,0.0,10782.0,1.0
CHE,2021-07-26,714414.0,1746.0,10784.0,2.0
CHE,2021-07-27,715267.0,853.0,10787.0,3.0
CHE,2021-07-28,716038.0,771.0,10791.0,4.0
CHE,2021-07-29,716865.0,827.0,10793.0,2.0
CHE,2021-07-30,717665.0,800.0,10793.0,0.0
CHE,2021-07-31,717665.0,0.0,10793.0,0.0
CHE,2021-08-01,717665.0,0.0,10794.0,1.0
CHE,2021-08-02,719684.0,2019.0,10794.0,0.0
CHE,2021-08-03,720743.0,1059.0,10796.0,2.0
CHE,2021-08-04,721776.0,1033.0,10796.0,0.0
CHE,2021-08-05,722801.0,1025.0,10796.0,0.0
CHE,2021-08-06,723968.0,1167.0,10797.0,1.0
CHE,2021-08-07,723968.0,0.0,10797.0,0.0
CHE,2021-08-08,723968.0,0.0,10798.0,1.0
CHE,2021-08-09,727113.0,3145.0,10800.0,2.0
CHE,2021-08-10,729024.0,1911.0,10802.0,2.0
CHE,2021-08-11,731148.0,2124.0,10805.0,3.0
CHE,2021-08-12,733275.0,2127.0,10807.0,2.0
CHE,2021-08-13,735375.0,2100.0,10808.0,1.0
CHE,2021-08-14,735375.0,0.0,10810.0,2.0
CHE,2021-08-15,735375.0,0.0,10813.0,3.0
CHE,2021-08-16,740954.0,5579.0,10817.0,4.0
CHE,2021-08-17,744106.0,3152.0,10819.0,2.0
CHE,2021-08-18,747396.0,3290.0,10821.0,2.0
CHE,2021-08-19,750186.0,2790.0,10828.0,7.0
CHE,2021-08-20,752761.0,2575.0,10834.0,6.0
CHE,2021-08-21,752761.0,0.0,10838.0,4.0
CHE,2021-08-22,752761.0,0.0,10841.0,3.0
CHE,2021-08-23,758984.0,6223.0,10845.0,4.0
CHE,2021-08-24,761978.0,2994.0,10853.0,8.0
CHE,2021-08-25,765190.0,3212.0,10857.0,4.0
CHE,2021-08-26,768001.0,2811.0,10863.0,6.0
CHE,2021-08-27,770765.0,2764.0,10870.0,7.0
CHE,2021-08-28,770765.0,0.0,10878.0,8.0
CHE,2021-08-29,770765.0,0.0,10883.0,5.0
CHE,2021-08-30,776962.0,6197.0,10895.0,12.0
CHE,2021-08-31,779666.0,2704.0,10899.0,4.0
CHE,2021-09-01,782869.0,3203.0,10907.0,8.0
CHE,2021-09-02,785696.0,2827.0,10911.0,4.0
CHE,2021-09-03,785696.0,0.0,10918.0,7.0
CHE,2021-09-04,785696.0,0.0,10920.0,2.0
CHE,2021-09-05,785696.0,0.0,10927.0,7.0
CHE,2021-09-06,785696.0,0.0,10930.0,3.0
CHE,2021-09-07,798497.0,12801.0,10927.0,-3.0
CHE,2021-09-08,802048.0,3551.0,10940.0,13.0
CHE,2021-09-09,805164.0,3116.0,10945.0,5.0
CHE,2021-09-10,808058.0,2894.0,10952.0,7.0
CHE,2021-09-11,808058.0,0.0,10951.0,-1.0
CHE,2021-09-12,808058.0,0.0,10952.0,1.0
CHE,2021-09-13,814118.0,6060.0,10967.0,15.0
CHE,2021-09-14,816110.0,1992.0,10974.0,7.0
CHE,2021-09-15,818715.0,2605.0,10980.0,6.0
CHE,2021-09-16,820982.0,2267.0,10991.0,11.0
CHE,2021-09-17,823078.0,2096.0,10999.0,8.0
CHE,2021-09-18,823078.0,0.0,10999.0,0.0
CHE,2021-09-19,823078.0,0.0,11000.0,1.0
CHE,2021-09-20,827111.0,4033.0,11015.0,15.0
CHE,2021-09-21,828347.0,1236.0,11021.0,6.0
CHE,2021-09-22,830251.0,1904.0,11027.0,6.0
CHE,2021-09-23,831881.0,1630.0,11034.0,7.0
CHE,2021-09-24,833385.0,1504.0,11042.0,8.0
CHE,2021-09-25,833385.0,0.0,11043.0,1.0
CHE,2021-09-26,833385.0,0.0,11043.0,0.0
CHE,2021-09-27,836483.0,3098.0,11060.0,17.0
CHE,2021-09-28,837769.0,1286.0,11073.0,13.0
CHE,2021-09-29,839219.0,1450.0,11079.0,6.0
CHE,2021-09-30,840363.0,1144.0,11087.0,8.0
CHE,2021-10-01,841573.0,1210.0,11093.0,6.0
CHE,2021-10-02,841573.0,0.0,11093.0,0.0
CHE,2021-10-03,841573.0,0.0,11093.0,0.0
CHE,2021-10-04,844209.0,2636.0,11103.0,10.0
CHE,2021-10-05,845234.0,1025.0,11107.0,4.0
CHE,2021-10-06,846327.0,1093.0,11125.0,18.0
CHE,2021-10-07,847452.0,1125.0,11118.0,-7.0
CHE,2021-10-08,848418.0,966.0,11120.0,2.0
CHE,2021-10-09,848418.0,0.0,11120.0,0.0
CHE,2021-10-10,848418.0,0.0,11120.0,0.0
CHE,2021-10-11,850684.0,2266.0,11133.0,13.0
CHE,2021-10-12,851610.0,926.0,11140.0,7.0
CHE,2021-10-13,852658.0,1048.0,11146.0,6.0
CHE,2021-10-14,853637.0,979.0,11152.0,6.0
CHE,2021-10-15,854591.0,954.0,11158.0,6.0
CHE,2021-10-16,854591.0,0.0,11157.0,-1.0
CHE,2021-10-17,854591.0,0.0,11156.0,-1.0
CHE,2021-10-18,856957.0,2366.0,11162.0,6.0
CHE,2021-10-19,858198.0,1241.0,11168.0,6.0
CHE,2021-10-20,859646.0,1448.0,11173.0,5.0
CHE,2021-10-21,861123.0,1477.0,11178.0,5.0
CHE,2021-10-22,862411.0,1288.0,11182.0,4.0
CHE,2021-10-23,862411.0,0.0,11181.0,-1.0
CHE,2021-10-24,862411.0,0.0,11182.0,1.0
CHE,2021-10-25,865708.0,3297.0,11193.0,11.0
CHE,2021-10-26,865708.0,0.0,11204.0,11.0
CHE,2021-10-27,869044.0,3336.0,11207.0,3.0
CHE,2021-10-28,870837.0,1793.0,11219.0,12.0
CHE,2021-10-29,872558.0,1721.0,11233.0,14.0
CHE,2021-10-30,872558.0,0.0,11233.0,0.0
CHE,2021-10-31,872558.0,0.0,11234.0,1.0
CHE,2021-11-01,877098.0,4540.0,11242.0,8.0
CHE,2021-11-02,879051.0,1953.0,11259.0,17.0
CHE,2021-11-03,881660.0,2609.0,11261.0,2.0
CHE,2021-11-04,884597.0,2937.0,11265.0,4.0
CHE,2021-11-05,887446.0,2849.0,11273.0,8.0
CHE,2021-11-06,887446.0,0.0,11274.0,1.0
CHE,2021-11-07,887446.0,0.0,11274.0,0.0
CHE,2021-11-08,894093.0,6647.0,11282.0,8.0
CHE,2021-11-09,897078.0,2985.0,11295.0,13.0
CHE,2021-11-10,901228.0,4150.0,11306.0,11.0
CHE,2021-11-11,905112.0,3884.0,11309.0,3.0
CHE,2021-11-12,909038.0,3926.0,11325.0,16.0
CHE,2021-11-13,909038.0,0.0,11325.0,0.0
CHE,2021-11-14,909038.0,0.0,11326.0,1.0
CHE,2021-11-15,918750.0,9712.0,11347.0,21.0
CHE,2021-11-16,923047.0,4297.0,11353.0,6.0
CHE,2021-11-17,929031.0,5984.0,11356.0,3.0
CHE,2021-11-18,935047.0,6016.0,11364.0,8.0
CHE,2021-11-19,941218.0,6171.0,11377.0,13.0
CHE,2021-11-20,941218.0,0.0,11382.0,5.0
CHE,2021-11-21,941218.0,0.0,11382.0,0.0
CHE,2021-11-22,955810.0,14592.0,11407.0,25.0
CHE,2021-11-23,962165.0,6355.0,11416.0,9.0
CHE,2021-11-24,970753.0,8588.0,11435.0,19.0
